<?xml version="1.0" encoding="UTF-8" ?>
<accounts>
    <account name="Binance">
        <username>watershed@hotmail.fr</username>
        <apiKey>CTYpYtco56RukYEc5ZHChoiGlQVHX11js6JN3ESzroCXGe02LpM4CUMMVSuFicOs</apiKey>
        <key>6QrHQmiEPYRgvEZYM5QJV052I1QBdTsNtMv4HP7PQMHsl0T5GmhXKpOysN1I0Xex</key>
    </account>
    <account name="Hitbtc">
        <username>watershed@hotmail.fr</username>
        <apiKey>88a2ab34eeccee8432f6770d7f904bc6</apiKey>
        <key>80c005734922a33fb902ee822ddac47c</key>
    </account>
</accounts>