<wallets>
  <walletMap>
    <Binance>
      <XRP>
        <initialBalance>6000</initialBalance>
        <minResidualBalance>2000</minResidualBalance>
        <minWithdrawalAmount>1000</minWithdrawalAmount>
        <tag>109750021</tag>
        <depositFee>0</depositFee>
        <withdrawalFee>0.25</withdrawalFee>
      </XRP>
      <XVG>
        <initialBalance>80000</initialBalance>
        <minResidualBalance>25000</minResidualBalance>
        <minWithdrawalAmount>30000</minWithdrawalAmount>
        <depositFee>0</depositFee>
        <withdrawalFee>0.1</withdrawalFee>
      </XVG>
      <NEO>
        <initialBalance>20</initialBalance>
        <minResidualBalance>5</minResidualBalance>
        <minWithdrawalAmount>5</minWithdrawalAmount>
        <depositFee>0</depositFee>
        <withdrawalFee>0</withdrawalFee>
      </NEO>
    </Binance>
    <Hitbtc>
      <XRP>
        <initialBalance>6000</initialBalance>
        <minResidualBalance>2000</minResidualBalance>
        <minWithdrawalAmount>1000</minWithdrawalAmount>
        <tag>1955192449</tag>
        <depositFee>0</depositFee>
        <withdrawalFee>0.509</withdrawalFee>
        <label>Trading</label>
      </XRP>
      <XVG>
        <initialBalance>80000</initialBalance>
        <minResidualBalance>25000</minResidualBalance>
        <minWithdrawalAmount>30000</minWithdrawalAmount>
        <depositFee>0</depositFee>
        <withdrawalFee>1.5</withdrawalFee>
        <label>Trading</label>
      </XVG>
      <NEO>
        <initialBalance>20</initialBalance>
        <minResidualBalance>5</minResidualBalance>
        <minWithdrawalAmount>5</minWithdrawalAmount>
        <depositFee>0</depositFee>
        <withdrawalFee>0</withdrawalFee>
        <label>Trading</label>
      </NEO>
    </Hitbtc>
    <!--BitFinex>
      <XRP>
        <initialBalance>6000</initialBalance>
        <minResidualBalance>2000</minResidualBalance>
        <minWithdrawalAmount>1000</minWithdrawalAmount>
        <tag>3353271445</tag>
        <depositFee>0</depositFee>
        <withdrawalFee>0.02</withdrawalFee>
      </XRP>
    </BitFinex-->
  </walletMap>
</wallets>
